category,link
Beauty & Personal Care,https://www.amazon.com/Beauty-Personal-Care/b?ie=UTF8&node=3760911
Body,https://www.amazon.com/Body-Skin-Care/b?ie=UTF8&node=11060521
Eyes,https://www.amazon.com/Eyes-Skin-Care/b?ie=UTF8&node=11061941
Face,https://www.amazon.com/Face-Skin-Care/b?ie=UTF8&node=11060711
Lip Care,https://www.amazon.com/Lip-Care-Skin/b?ie=UTF8&node=3761351
Maternity,https://www.amazon.com/Maternity-Skin-Care/b?ie=UTF8&node=11062371
Sets & Kits,https://www.amazon.com/Sets-Kits-Skin-Care/b?ie=UTF8&node=11062581
Sunscreens & Tanning Products,https://www.amazon.com/Sunscreens-Tanning-Products-Skin-Care/b?ie=UTF8&node=11062591
Salon & Spa Selection,https://www.amazon.com/Skin-Care-Salon-Spa-Selection/s?rh=n%3A11060451%2Cp_n_feature_eight_browse-bin%3A14552215011
Professional Skin Care Selection,https://www.amazon.com/Skin-Care-Professional-Selection-Beauty-Personal/s?rh=n%3A11060451%2Cp_n_feature_seven_browse-bin%3A14552213011
Premium Selection,https://www.amazon.com/Skin-Care-Premium-Selection-Beauty-Personal/s?rh=n%3A11060451%2Cp_n_feature_ten_browse-bin%3A15863143011
Anti-Aging,https://www.amazon.com/Skin-Care-Anti-Aging-Beauty-Personal/s?rh=n%3A11060451%2Cp_n_feature_two_browse-bin%3A14717686011
Dehydration & Dryness,https://www.amazon.com/Skin-Care-Dehydration-Dryness-Beauty-Personal/s?rh=n%3A11060451%2Cp_n_feature_two_browse-bin%3A7506265011
"Acne, Blemishes & Blackheads",https://www.amazon.com/Skin-Care-Acne-Blemishes-Blackheads/s?rh=n%3A11060451%2Cp_n_feature_two_browse-bin%3A7506263011
Daily Care,https://www.amazon.com/Skin-Care-Daily-Beauty-Personal/s?rh=n%3A11060451%2Cp_n_feature_two_browse-bin%3A7506264011
Sensitive & Redness,https://www.amazon.com/Skin-Care-Sensitive-Redness-Beauty-Personal/s?rh=n%3A11060451%2Cp_n_feature_two_browse-bin%3A7506270011
Fine Lines & Wrinkles,https://www.amazon.com/Skin-Care-Fine-Lines-Wrinkles/s?rh=n%3A11060451%2Cp_n_feature_two_browse-bin%3A7506266011
Lifting & Firming,https://www.amazon.com/Skin-Care-Lifting-Firming-Beauty-Personal/s?rh=n%3A11060451%2Cp_n_feature_two_browse-bin%3A7506267011
Combination,https://www.amazon.com/Skin-Care-Combination-Beauty-Personal/s?rh=n%3A11060451%2Cp_n_feature_forty-five_browse-bin%3A370236011
Dry,https://www.amazon.com/Skin-Care-Dry-Beauty-Personal/s?rh=n%3A11060451%2Cp_n_feature_forty-five_browse-bin%3A370237011
Normal,https://www.amazon.com/Skin-Care-Normal-Beauty-Personal/s?rh=n%3A11060451%2Cp_n_feature_forty-five_browse-bin%3A370238011
Oily,https://www.amazon.com/Skin-Care-Oily-Beauty-Personal/s?rh=n%3A11060451%2Cp_n_feature_forty-five_browse-bin%3A370239011
Sensitive,https://www.amazon.com/Skin-Care-Sensitive-Beauty-Personal/s?rh=n%3A11060451%2Cp_n_feature_forty-five_browse-bin%3A14717685011
Paraben Free,https://www.amazon.com/Skin-Care-Paraben-Free-Beauty-Personal/s?rh=n%3A11060451%2Cp_n_theme_browse-bin%3A7528694011
Hypoallergenic,https://www.amazon.com/Skin-Care-Hypoallergenic-Beauty-Personal/s?rh=n%3A11060451%2Cp_n_theme_browse-bin%3A370272011
Alcohol Free,https://www.amazon.com/Skin-Care-Alcohol-Free-Beauty-Personal/s?rh=n%3A11060451%2Cp_n_theme_browse-bin%3A7528636011
Unscented,https://www.amazon.com/Skin-Care-Unscented-Beauty-Personal/s?rh=n%3A11060451%2Cp_n_theme_browse-bin%3A370294011
Sulfate Free,https://www.amazon.com/Skin-Care-Sulfate-Free-Beauty-Personal/s?rh=n%3A11060451%2Cp_n_theme_browse-bin%3A10742614011
Oil Free,https://www.amazon.com/Skin-Care-Oil-Free-Beauty-Personal/s?rh=n%3A11060451%2Cp_n_theme_browse-bin%3A7528684011
Formaldehyde Free,https://www.amazon.com/Skin-Care-Formaldehyde-Free-Beauty-Personal/s?rh=n%3A11060451%2Cp_n_theme_browse-bin%3A7528695011
Women's,https://www.amazon.com/Skin-Care-Womens-Beauty-Personal/s?rh=n%3A11060451%2Cp_n_target_audience_browse-bin%3A405781011
Men's,https://www.amazon.com/Skin-Care-Mens-Beauty-Personal/s?rh=n%3A11060451%2Cp_n_target_audience_browse-bin%3A405780011
Unisex,https://www.amazon.com/Skin-Care-Unisex-Beauty-Personal/s?rh=n%3A11060451%2Cp_n_target_audience_browse-bin%3A4955235011
Climate Pledge Friendly,https://www.amazon.com/Skin-Care-Climate-Pledge-Friendly/s?rh=n%3A11060451%2Cp_n_cpf_eligible%3A21512497011
Subscribe & Save Eligible,https://www.amazon.com/Skin-Care-Subscribe-Save-Eligible/s?rh=n%3A11060451%2Cp_n_is_sns_available%3A2617006011
"Free Shipping by Amazon

    
    
        
            
                

All customers get FREE Shipping on orders over $25 shipped by Amazon",https://www.amazon.com/Skin-Care-Free-Shipping-Amazon/s?rh=n%3A11060451%2Cp_76%3A1249134011
FSA or HSA Eligible,https://www.amazon.com/Skin-Care-FSA-HSA-Eligible/s?rh=n%3A11060451%2Cp_n_hba_program%3A17904039011
Our Brands,https://www.amazon.com/Skin-Care-Our-Brands-Beauty-Personal/s?rh=n%3A11060451%2Cp_n_feature_forty-seven_browse-bin%3A21180942011
Mighty Patch,https://www.amazon.com/Skin-Care-Mighty-Patch-Beauty-Personal/s?rh=n%3A11060451%2Cp_89%3AMighty+Patch
CeraVe,https://www.amazon.com/Skin-Care-CeraVe-Beauty-Personal/s?rh=n%3A11060451%2Cp_89%3ACeraVe
Neutrogena,https://www.amazon.com/Skin-Care-Neutrogena-Beauty-Personal/s?rh=n%3A11060451%2Cp_89%3ANeutrogena
EltaMD,https://www.amazon.com/Skin-Care-EltaMD-Beauty-Personal/s?rh=n%3A11060451%2Cp_89%3AEltaMD
PanOxyl,https://www.amazon.com/Skin-Care-PanOxyl-Beauty-Personal/s?rh=n%3A11060451%2Cp_89%3APanOxyl
TruSkin Naturals,https://www.amazon.com/Skin-Care-TruSkin-Naturals-Beauty-Personal/s?rh=n%3A11060451%2Cp_89%3ATruSkin+Naturals
Dove,https://www.amazon.com/Skin-Care-Dove-Beauty-Personal/s?rh=n%3A11060451%2Cp_89%3ADove
Frustration-Free Packaging,https://www.amazon.com/Skin-Care-Frustration-Free-Packaging-Beauty-Personal/s?rh=n%3A11060451%2Cp_n_is_ffp%3A7252855011
"4 Stars & Up
    


        
            

& Up",https://www.amazon.com/Skin-Care-4-Stars-Up/s?rh=n%3A11060451%2Cp_72%3A1248873011
"3 Stars & Up
    


        
            

& Up",https://www.amazon.com/Skin-Care-3-Stars-Up/s?rh=n%3A11060451%2Cp_72%3A1248874011
"2 Stars & Up
    


        
            

& Up",https://www.amazon.com/Skin-Care-2-Stars-Up/s?rh=n%3A11060451%2Cp_72%3A1248875011
"1 Star & Up
    


        
            

& Up",https://www.amazon.com/Skin-Care-1-Star-Up/s?rh=n%3A11060451%2Cp_72%3A1248876011
Last 30 days,https://www.amazon.com/Skin-Care-Last-30-days/s?rh=n%3A11060451%2Cp_n_date%3A1249028011
Last 90 days,https://www.amazon.com/Skin-Care-Last-90-days/s?rh=n%3A11060451%2Cp_n_date%3A1249029011
Coming Soon,https://www.amazon.com/Skin-Care-Coming-Soon-Beauty-Personal/s?rh=n%3A11060451%2Cp_n_date%3A1249030011
International Shipping Eligible,https://www.amazon.com/Skin-Care-International-Shipping-Eligible/s?rh=n%3A11060451%2Cp_n_shipping_option-bin%3A3242350011
Under $25,https://www.amazon.com/Skin-Care-Under-25-Beauty-Personal/s?rh=n%3A11060451%2Cp_36%3A1253950011
$25 to $50,https://www.amazon.com/Skin-Care-25-50-Beauty-Personal/s?rh=n%3A11060451%2Cp_36%3A1253951011
$50 to $100,https://www.amazon.com/Skin-Care-50-100-Beauty-Personal/s?rh=n%3A11060451%2Cp_36%3A1253952011
$100 to $200,https://www.amazon.com/Skin-Care-100-200-Beauty-Personal/s?rh=n%3A11060451%2Cp_36%3A1253953011
$200 & Above,https://www.amazon.com/Skin-Care-200-Above-Beauty-Personal/s?rh=n%3A11060451%2Cp_36%3A1253954011
Today's Deals,https://www.amazon.com/Skin-Care-Todays-Deals-Beauty-Personal/s?rh=n%3A11060451%2Cp_n_specials_match%3A21213697011
Amazon Export Sales LLC.,https://www.amazon.com/Skin-Care-Amazon-Export-Sales-LLC/s?rh=n%3A11060451%2Cp_6%3AAL05FRBMGH1LZ
Amazon.com,https://www.amazon.com/Skin-Care-Amazon-com-Beauty-Personal/s?rh=n%3A11060451%2Cp_6%3AATVPDKIKX0DER
Pharmapacks,https://www.amazon.com/Skin-Care-Pharmapacks-Beauty-Personal/s?rh=n%3A11060451%2Cp_6%3AASEVS99O6FS73
Royal Meds,https://www.amazon.com/Skin-Care-Royal-Meds-Beauty-Personal/s?rh=n%3A11060451%2Cp_6%3AA32AZZZEEH80IJ
OTCRx4u,https://www.amazon.com/Skin-Care-OTCRx4u-Beauty-Personal/s?rh=n%3A11060451%2Cp_6%3AA3KGCU4HM6EAVD
AmazonGlobal - International Shopping,https://www.amazon.com/Skin-Care-AmazonGlobal-International-Shopping/s?rh=n%3A11060451%2Cp_6%3AA2XZ7JICGUQ1CX
shelproducts,https://www.amazon.com/Skin-Care-shelproducts-Beauty-Personal/s?rh=n%3A11060451%2Cp_6%3AA3WE363L17WQR
I Buy Direct,https://www.amazon.com/Skin-Care-I-Buy-Direct/s?rh=n%3A11060451%2Cp_6%3AA10OP9AS08PH67
OxKom,https://www.amazon.com/Skin-Care-OxKom-Beauty-Personal/s?rh=n%3A11060451%2Cp_6%3AA3IQGL03Z0MNP5
Mr. Medical,https://www.amazon.com/Skin-Care-Mr-Medical-Beauty-Personal/s?rh=n%3A11060451%2Cp_6%3AA82MLX8CMW8NO
Include Out of Stock,https://www.amazon.com/Skin-Care-Include-Out-Stock/s?rh=n%3A11060451%2Cp_n_availability%3A2661601011
